{
  "v": "5.4.4",
  "fr": 24,
  "ip": 0,
  "op": 72,
  "w": 500,
  "h": 500,
  "nm": "Search",
  "ddd": 0,
  "assets": [],
  "layers": [
    {
      "ddd": 0,
      "ind": 1,
      "ty": 4,
      "nm": "Check Middle",
      "sr": 1,
      "ks": {
        "o": {
          "a": 1,
          "k": [
            {
              "i": { "x": [0.667], "y": [1] },
              "o": { "x": [0.333], "y": [0] },
              "t": 2,
              "s": [100],
              "e": [0]
            },
            { "t": 20 }
          ],
          "ix": 11
        },
        "r": { "a": 0, "k": 0, "ix": 10 },
        "p": {
          "a": 1,
          "k": [
            {
              "i": { "x": 0.667, "y": 1 },
              "o": { "x": 0.333, "y": 0 },
              "t": 2,
              "s": [250, 250, 0],
              "e": [52, 250, 0],
              "to": [-33, 0, 0],
              "ti": [33, 0, 0]
            },
            { "t": 14 }
          ],
          "ix": 2
        },
        "a": { "a": 0, "k": [0, 0, 0], "ix": 1 },
        "s": {
          "a": 1,
          "k": [
            {
              "i": { "x": [0.134, 0.134, 0.667], "y": [1, 1, 1] },
              "o": { "x": [0.333, 0.333, 0.333], "y": [0, 0, 0] },
              "t": 4,
              "s": [100, 100, 100],
              "e": [69, 69, 100]
            },
            { "t": 16 }
          ],
          "ix": 6
        }
      },
      "ao": 0,
      "shapes": [
        {
          "ty": "gr",
          "it": [
            {
              "ind": 0,
              "ty": "sh",
              "ix": 1,
              "ks": {
                "a": 0,
                "k": {
                  "i": [
                    [0, 0],
                    [0, 0],
                    [0, 0]
                  ],
                  "o": [
                    [0, 0],
                    [0, 0],
                    [0, 0]
                  ],
                  "v": [
                    [-52.5, 11.5],
                    [-11, 50.5],
                    [60.5, -34.5]
                  ],
                  "c": false
                },
                "ix": 2
              },
              "nm": "Path 1",
              "mn": "ADBE Vector Shape - Group",
              "hd": false
            },
            {
              "ty": "st",
              "c": {
                "a": 0,
                "k": [0, 0.8549019607843137, 0.7254901960784313, 1],
                "ix": 3
              },
              "o": { "a": 0, "k": 100, "ix": 4 },
              "w": { "a": 0, "k": 15, "ix": 5 },
              "lc": 1,
              "lj": 1,
              "ml": 4,
              "bm": 0,
              "nm": "Stroke 1",
              "mn": "ADBE Vector Graphic - Stroke",
              "hd": false
            },
            {
              "ty": "tr",
              "p": { "a": 0, "k": [0, 0], "ix": 2 },
              "a": { "a": 0, "k": [0, 0], "ix": 1 },
              "s": { "a": 0, "k": [100, 100], "ix": 3 },
              "r": { "a": 0, "k": 0, "ix": 6 },
              "o": { "a": 0, "k": 100, "ix": 7 },
              "sk": { "a": 0, "k": 0, "ix": 4 },
              "sa": { "a": 0, "k": 0, "ix": 5 },
              "nm": "Transform"
            }
          ],
          "nm": "Shape 1",
          "np": 3,
          "cix": 2,
          "bm": 0,
          "ix": 1,
          "mn": "ADBE Vector Group",
          "hd": false
        }
      ],
      "ip": 0,
      "op": 145,
      "st": -60,
      "bm": 0
    },
    {
      "ddd": 0,
      "ind": 2,
      "ty": 4,
      "nm": "Check Right",
      "sr": 1,
      "ks": {
        "o": { "a": 0, "k": 100, "ix": 11 },
        "r": { "a": 0, "k": 0, "ix": 10 },
        "p": { "a": 0, "k": [250, 250, 0], "ix": 2 },
        "a": { "a": 0, "k": [0, 0, 0], "ix": 1 },
        "s": { "a": 0, "k": [100, 100, 100], "ix": 6 }
      },
      "ao": 0,
      "shapes": [
        {
          "ty": "gr",
          "it": [
            {
              "ind": 0,
              "ty": "sh",
              "ix": 1,
              "ks": {
                "a": 0,
                "k": {
                  "i": [
                    [0, 0],
                    [0, 0],
                    [0, 0]
                  ],
                  "o": [
                    [0, 0],
                    [0, 0],
                    [0, 0]
                  ],
                  "v": [
                    [-52.5, 11.5],
                    [-11, 50.5],
                    [60.5, -34.5]
                  ],
                  "c": false
                },
                "ix": 2
              },
              "nm": "Path 1",
              "mn": "ADBE Vector Shape - Group",
              "hd": false
            },
            {
              "ty": "st",
              "c": {
                "a": 0,
                "k": [0, 0.8549019607843137, 0.7254901960784313, 1],
                "ix": 3
              },
              "o": { "a": 0, "k": 100, "ix": 4 },
              "w": { "a": 0, "k": 15, "ix": 5 },
              "lc": 1,
              "lj": 1,
              "ml": 4,
              "bm": 0,
              "nm": "Stroke 1",
              "mn": "ADBE Vector Graphic - Stroke",
              "hd": false
            },
            {
              "ty": "tr",
              "p": { "a": 0, "k": [0, 0], "ix": 2 },
              "a": { "a": 0, "k": [0, 0], "ix": 1 },
              "s": { "a": 0, "k": [100, 100], "ix": 3 },
              "r": { "a": 0, "k": 0, "ix": 6 },
              "o": { "a": 0, "k": 100, "ix": 7 },
              "sk": { "a": 0, "k": 0, "ix": 4 },
              "sa": { "a": 0, "k": 0, "ix": 5 },
              "nm": "Transform"
            }
          ],
          "nm": "Shape 1",
          "np": 3,
          "cix": 2,
          "bm": 0,
          "ix": 1,
          "mn": "ADBE Vector Group",
          "hd": false
        },
        {
          "ty": "tm",
          "s": { "a": 0, "k": 0, "ix": 1 },
          "e": {
            "a": 1,
            "k": [
              {
                "i": { "x": [0.833], "y": [0.833] },
                "o": { "x": [0.167], "y": [0.167] },
                "t": 58,
                "s": [0],
                "e": [100]
              },
              { "t": 65 }
            ],
            "ix": 2
          },
          "o": { "a": 0, "k": 0, "ix": 3 },
          "m": 1,
          "ix": 2,
          "nm": "Trim Paths 1",
          "mn": "ADBE Vector Filter - Trim",
          "hd": false
        }
      ],
      "ip": 58,
      "op": 144,
      "st": -2,
      "bm": 0
    },
    {
      "ddd": 0,
      "ind": 3,
      "ty": 4,
      "nm": "Magnifying Glass",
      "parent": 4,
      "sr": 1,
      "ks": {
        "o": { "a": 0, "k": 100, "ix": 11 },
        "r": { "a": 0, "k": 0, "ix": 10 },
        "p": { "a": 0, "k": [-31.335, -31.31, 0], "ix": 2 },
        "a": { "a": 0, "k": [86, 86, 0], "ix": 1 },
        "s": { "a": 0, "k": [100, 100, 100], "ix": 6 }
      },
      "ao": 0,
      "shapes": [
        {
          "ty": "gr",
          "it": [
            {
              "ind": 0,
              "ty": "sh",
              "ix": 1,
              "ks": {
                "a": 0,
                "k": {
                  "i": [
                    [0, -29.547],
                    [29.547, 0],
                    [0, 29.547],
                    [-29.547, 0]
                  ],
                  "o": [
                    [0, 29.547],
                    [-29.547, 0],
                    [0, -29.547],
                    [29.547, 0]
                  ],
                  "v": [
                    [53.5, 0],
                    [0, 53.5],
                    [-53.5, 0],
                    [0, -53.5]
                  ],
                  "c": true
                },
                "ix": 2
              },
              "nm": "Path 1",
              "mn": "ADBE Vector Shape - Group",
              "hd": false
            },
            {
              "ty": "st",
              "c": {
                "a": 0,
                "k": [
                  0.7725490196078432, 0.7725490196078432, 0.7725490196078432, 1
                ],
                "ix": 3
              },
              "o": { "a": 0, "k": 100, "ix": 4 },
              "w": { "a": 0, "k": 13, "ix": 5 },
              "lc": 1,
              "lj": 1,
              "ml": 10,
              "bm": 0,
              "nm": "Stroke 1",
              "mn": "ADBE Vector Graphic - Stroke",
              "hd": false
            },
            {
              "ty": "tr",
              "p": { "a": 0, "k": [86, 86], "ix": 2 },
              "a": { "a": 0, "k": [0, 0], "ix": 1 },
              "s": { "a": 0, "k": [100, 100], "ix": 3 },
              "r": { "a": 0, "k": 0, "ix": 6 },
              "o": { "a": 0, "k": 100, "ix": 7 },
              "sk": { "a": 0, "k": 0, "ix": 4 },
              "sa": { "a": 0, "k": 0, "ix": 5 },
              "nm": "Transform"
            }
          ],
          "nm": "Group 1",
          "np": 2,
          "cix": 2,
          "bm": 0,
          "ix": 1,
          "mn": "ADBE Vector Group",
          "hd": false
        }
      ],
      "ip": 0,
      "op": 144,
      "st": 0,
      "bm": 0
    },
    {
      "ddd": 0,
      "ind": 4,
      "ty": 4,
      "nm": "Handle",
      "sr": 1,
      "ks": {
        "o": { "a": 0, "k": 100, "ix": 11 },
        "r": { "a": 0, "k": 0, "ix": 10 },
        "p": {
          "a": 1,
          "k": [
            {
              "i": { "x": 0.394, "y": 1 },
              "o": { "x": 0.333, "y": 0 },
              "t": 18,
              "s": [648.829, 532.045, 0],
              "e": [220.829, 170.045, 0],
              "to": [-71.333, -60.333, 0],
              "ti": [33.833, 65.833, 0]
            },
            {
              "i": { "x": 0.667, "y": 0.667 },
              "o": { "x": 0.333, "y": 0.333 },
              "t": 24,
              "s": [220.829, 170.045, 0],
              "e": [220.829, 170.045, 0],
              "to": [0, 0, 0],
              "ti": [0, 0, 0]
            },
            {
              "i": { "x": 0, "y": 1 },
              "o": { "x": 0.216, "y": 0 },
              "t": 28,
              "s": [220.829, 170.045, 0],
              "e": [284.829, 168.045, 0],
              "to": [13.667, -11.333, 0],
              "ti": [-17.667, -10.167, 0]
            },
            {
              "i": { "x": 0, "y": 0 },
              "o": { "x": 0.851, "y": 0.851 },
              "t": 32,
              "s": [284.829, 168.045, 0],
              "e": [284.829, 168.045, 0],
              "to": [0, 0, 0],
              "ti": [0, 0, 0]
            },
            {
              "i": { "x": 0.057, "y": 1 },
              "o": { "x": 0.375, "y": 0 },
              "t": 34,
              "s": [284.829, 168.045, 0],
              "e": [216.829, 246.045, 0],
              "to": [1.667, 31.5, 0],
              "ti": [-2.631, -12.748, 0]
            },
            {
              "i": { "x": 0.826, "y": 1 },
              "o": { "x": 0.981, "y": 0 },
              "t": 37,
              "s": [216.829, 246.045, 0],
              "e": [280.829, 246.045, 0],
              "to": [4.333, 21, 0],
              "ti": [-9.667, -12, 0]
            },
            {
              "i": { "x": 0.667, "y": 0.667 },
              "o": { "x": 0.333, "y": 0.333 },
              "t": 41,
              "s": [280.829, 246.045, 0],
              "e": [280.829, 246.045, 0],
              "to": [0, 0, 0],
              "ti": [0, 0, 0]
            },
            {
              "i": { "x": 0.04, "y": 1 },
              "o": { "x": 0.333, "y": 0 },
              "t": 44,
              "s": [280.829, 246.045, 0],
              "e": [222.829, 322.045, 0],
              "to": [-2.167, 23.667, 0],
              "ti": [-1, -13, 0]
            },
            {
              "i": { "x": 0.667, "y": 1 },
              "o": { "x": 0.871, "y": 0 },
              "t": 48,
              "s": [222.829, 322.045, 0],
              "e": [286.829, 324.045, 0],
              "to": [1, 13, 0],
              "ti": [-10.667, -0.333, 0]
            },
            {
              "i": { "x": 0.667, "y": 0.667 },
              "o": { "x": 0.333, "y": 0.333 },
              "t": 54,
              "s": [286.829, 324.045, 0],
              "e": [286.829, 324.045, 0],
              "to": [0, 0, 0],
              "ti": [0, 0, 0]
            },
            {
              "i": { "x": 0.667, "y": 1 },
              "o": { "x": 0.923, "y": 0 },
              "t": 56,
              "s": [286.829, 324.045, 0],
              "e": [650.829, 536.045, 0],
              "to": [60.667, 35.333, 0],
              "ti": [-60.667, -35.333, 0]
            },
            { "t": 60 }
          ],
          "ix": 2
        },
        "a": { "a": 0, "k": [-30.17, -31.17, 0], "ix": 1 },
        "s": { "a": 0, "k": [100, 100, 100], "ix": 6 }
      },
      "ao": 0,
      "shapes": [
        {
          "ty": "gr",
          "it": [
            {
              "ind": 0,
              "ty": "sh",
              "ix": 1,
              "ks": {
                "a": 0,
                "k": {
                  "i": [
                    [1.221, 1.12],
                    [0, 0],
                    [1.122, -1.22],
                    [0, 0],
                    [-1.221, -1.121],
                    [0, 0],
                    [-1.12, 1.221],
                    [0, 0]
                  ],
                  "o": [
                    [0, 0],
                    [-1.221, -1.12],
                    [0, 0],
                    [-1.121, 1.221],
                    [0, 0],
                    [1.22, 1.121],
                    [0, 0],
                    [1.121, -1.219]
                  ],
                  "v": [
                    [46.352, 42.076],
                    [-23.804, -22.35],
                    [-28.044, -22.169],
                    [-36.836, -12.594],
                    [-36.656, -8.355],
                    [33.501, 56.07],
                    [37.74, 55.889],
                    [46.533, 46.314]
                  ],
                  "c": true
                },
                "ix": 2
              },
              "nm": "Path 1",
              "mn": "ADBE Vector Shape - Group",
              "hd": false
            },
            {
              "ty": "fl",
              "c": {
                "a": 0,
                "k": [0.776000019148, 0.776000019148, 0.776000019148, 1],
                "ix": 4
              },
              "o": { "a": 0, "k": 100, "ix": 5 },
              "r": 1,
              "bm": 0,
              "nm": "Fill 1",
              "mn": "ADBE Vector Graphic - Fill",
              "hd": false
            },
            {
              "ty": "tr",
              "p": { "a": 0, "k": [38.207, 23.72], "ix": 2 },
              "a": { "a": 0, "k": [0, 0], "ix": 1 },
              "s": { "a": 0, "k": [100, 100], "ix": 3 },
              "r": { "a": 0, "k": 0, "ix": 6 },
              "o": { "a": 0, "k": 100, "ix": 7 },
              "sk": { "a": 0, "k": 0, "ix": 4 },
              "sa": { "a": 0, "k": 0, "ix": 5 },
              "nm": "Transform"
            }
          ],
          "nm": "Group 1",
          "np": 2,
          "cix": 2,
          "bm": 0,
          "ix": 1,
          "mn": "ADBE Vector Group",
          "hd": false
        }
      ],
      "ip": 0,
      "op": 144,
      "st": 0,
      "bm": 0
    },
    {
      "ddd": 0,
      "ind": 6,
      "ty": 4,
      "nm": "Profile",
      "parent": 15,
      "sr": 1,
      "ks": {
        "o": { "a": 0, "k": 100, "ix": 11 },
        "r": { "a": 0, "k": 0, "ix": 10 },
        "p": { "a": 0, "k": [37.904, 43.851, 0], "ix": 2 },
        "a": { "a": 0, "k": [21.129, 20.971, 0], "ix": 1 },
        "s": {
          "a": 1,
          "k": [
            {
              "i": { "x": [0.833, 0.833, 0.833], "y": [0.833, 0.833, 0.833] },
              "o": { "x": [0.167, 0.167, 0.167], "y": [0.167, 0.167, 0.167] },
              "t": 9,
              "s": [0, 0, 100],
              "e": [93.913, 93.913, 100]
            },
            { "t": 15 }
          ],
          "ix": 6,
          "x": "var $bm_rt;\nvar n, n, t, t, v, amp, freq, decay;\n$bm_rt = n = 0;\nif (numKeys > 0) {\n    $bm_rt = n = nearestKey(time).index;\n    if (key(n).time > time) {\n        n--;\n    }\n}\nif (n == 0) {\n    $bm_rt = t = 0;\n} else {\n    $bm_rt = t = $bm_sub(time, key(n).time);\n}\nif (n > 0 && t < 1) {\n    v = velocityAtTime($bm_sub(key(n).time, $bm_div(thisComp.frameDuration, 10)));\n    amp = 0.08;\n    freq = 3;\n    decay = 8;\n    $bm_rt = $bm_sum(value, $bm_div($bm_mul($bm_mul(v, amp), Math.sin($bm_mul($bm_mul($bm_mul(freq, t), 2), Math.PI))), Math.exp($bm_mul(decay, t))));\n} else {\n    $bm_rt = value;\n}"
        }
      },
      "ao": 0,
      "shapes": [
        {
          "ty": "gr",
          "it": [
            {
              "ind": 0,
              "ty": "sh",
              "ix": 1,
              "ks": {
                "a": 0,
                "k": {
                  "i": [
                    [3.642, 0],
                    [0, 0],
                    [0, 3.642],
                    [0, 0],
                    [-3.643, 0],
                    [0, 0],
                    [0, -3.642],
                    [0, 0]
                  ],
                  "o": [
                    [0, 0],
                    [-3.643, 0],
                    [0, 0],
                    [0, -3.642],
                    [0, 0],
                    [3.642, 0],
                    [0, 0],
                    [0, 3.642]
                  ],
                  "v": [
                    [14.126, 20.72],
                    [-14.126, 20.72],
                    [-20.721, 14.126],
                    [-20.721, -14.126],
                    [-14.126, -20.72],
                    [14.126, -20.72],
                    [20.721, -14.126],
                    [20.721, 14.126]
                  ],
                  "c": true
                },
                "ix": 2
              },
              "nm": "Path 1",
              "mn": "ADBE Vector Shape - Group",
              "hd": false
            },
            {
              "ty": "fl",
              "c": {
                "a": 0,
                "k": [0.847000002394, 0.847000002394, 0.847000002394, 1],
                "ix": 4
              },
              "o": { "a": 0, "k": 100, "ix": 5 },
              "r": 1,
              "bm": 0,
              "nm": "Fill 1",
              "mn": "ADBE Vector Graphic - Fill",
              "hd": false
            },
            {
              "ty": "tr",
              "p": { "a": 0, "k": [21.129, 20.971], "ix": 2 },
              "a": { "a": 0, "k": [0, 0], "ix": 1 },
              "s": { "a": 0, "k": [100, 100], "ix": 3 },
              "r": { "a": 0, "k": 0, "ix": 6 },
              "o": { "a": 0, "k": 100, "ix": 7 },
              "sk": { "a": 0, "k": 0, "ix": 4 },
              "sa": { "a": 0, "k": 0, "ix": 5 },
              "nm": "Transform"
            }
          ],
          "nm": "Profile",
          "np": 2,
          "cix": 2,
          "bm": 0,
          "ix": 1,
          "mn": "ADBE Vector Group",
          "hd": false
        }
      ],
      "ip": 9,
      "op": 144,
      "st": 4,
      "bm": 0
    },
    {
      "ddd": 0,
      "ind": 7,
      "ty": 4,
      "nm": "Line 1",
      "parent": 15,
      "sr": 1,
      "ks": {
        "o": {
          "a": 1,
          "k": [
            {
              "i": { "x": [0.833], "y": [0.833] },
              "o": { "x": [0.167], "y": [0.167] },
              "t": 10,
              "s": [0],
              "e": [100]
            },
            { "t": 16 }
          ],
          "ix": 11
        },
        "r": { "a": 0, "k": 0, "ix": 10 },
        "p": { "a": 0, "k": [65.64, 36.578, 0], "ix": 2 },
        "a": { "a": 0, "k": [50.672, 13.223, 0], "ix": 1 },
        "s": {
          "a": 1,
          "k": [
            {
              "i": { "x": [0.833, 0.833, 0.833], "y": [0.833, 0.833, 0.833] },
              "o": { "x": [0.167, 0.167, 0.167], "y": [0.167, 0.167, 0.167] },
              "t": 10,
              "s": [0, 93.883, 100],
              "e": [93.883, 93.883, 100]
            },
            { "t": 16 }
          ],
          "ix": 6
        }
      },
      "ao": 0,
      "shapes": [
        {
          "ty": "gr",
          "it": [
            {
              "ind": 0,
              "ty": "sh",
              "ix": 1,
              "ks": {
                "a": 0,
                "k": {
                  "i": [
                    [1.657, 0],
                    [0, 0],
                    [0, 1.657],
                    [0, 0],
                    [-1.658, 0],
                    [0, 0],
                    [0, -1.657],
                    [0, 0]
                  ],
                  "o": [
                    [0, 0],
                    [-1.658, 0],
                    [0, 0],
                    [0, -1.657],
                    [0, 0],
                    [1.657, 0],
                    [0, 0],
                    [0, 1.657]
                  ],
                  "v": [
                    [20.074, 4.963],
                    [-20.074, 4.963],
                    [-23.074, 1.963],
                    [-23.074, -1.963],
                    [-20.074, -4.963],
                    [20.074, -4.963],
                    [23.074, -1.963],
                    [23.074, 1.963]
                  ],
                  "c": true
                },
                "ix": 2
              },
              "nm": "Path 1",
              "mn": "ADBE Vector Shape - Group",
              "hd": false
            },
            {
              "ty": "fl",
              "c": {
                "a": 0,
                "k": [0.847000002394, 0.847000002394, 0.847000002394, 1],
                "ix": 4
              },
              "o": { "a": 0, "k": 100, "ix": 5 },
              "r": 1,
              "bm": 0,
              "nm": "Fill 1",
              "mn": "ADBE Vector Graphic - Fill",
              "hd": false
            },
            {
              "ty": "tr",
              "p": { "a": 0, "k": [73.746, 13.223], "ix": 2 },
              "a": { "a": 0, "k": [0, 0], "ix": 1 },
              "s": { "a": 0, "k": [100, 100], "ix": 3 },
              "r": { "a": 0, "k": 0, "ix": 6 },
              "o": { "a": 0, "k": 100, "ix": 7 },
              "sk": { "a": 0, "k": 0, "ix": 4 },
              "sa": { "a": 0, "k": 0, "ix": 5 },
              "nm": "Transform"
            }
          ],
          "nm": "Line 1",
          "np": 2,
          "cix": 2,
          "bm": 0,
          "ix": 1,
          "mn": "ADBE Vector Group",
          "hd": false
        }
      ],
      "ip": 10,
      "op": 144,
      "st": 5,
      "bm": 0
    },
    {
      "ddd": 0,
      "ind": 8,
      "ty": 4,
      "nm": "Line 2",
      "parent": 15,
      "sr": 1,
      "ks": {
        "o": {
          "a": 1,
          "k": [
            {
              "i": { "x": [0.833], "y": [0.833] },
              "o": { "x": [0.167], "y": [0.167] },
              "t": 11,
              "s": [0],
              "e": [100]
            },
            { "t": 17 }
          ],
          "ix": 11
        },
        "r": { "a": 0, "k": 0, "ix": 10 },
        "p": { "a": 0, "k": [65.972, 54.476, 0], "ix": 2 },
        "a": { "a": 0, "k": [50.421, 32.288, 0], "ix": 1 },
        "s": {
          "a": 1,
          "k": [
            {
              "i": { "x": [0.833, 0.833, 0.833], "y": [0.833, 0.833, 0.833] },
              "o": { "x": [0.167, 0.167, 0.167], "y": [0.167, 0.167, 0.167] },
              "t": 11,
              "s": [0, 93.883, 100],
              "e": [93.883, 93.883, 100]
            },
            { "t": 17 }
          ],
          "ix": 6
        }
      },
      "ao": 0,
      "shapes": [
        {
          "ty": "gr",
          "it": [
            {
              "ind": 0,
              "ty": "sh",
              "ix": 1,
              "ks": {
                "a": 0,
                "k": {
                  "i": [
                    [1.657, 0],
                    [0, 0],
                    [0, 1.657],
                    [0, 0],
                    [-1.658, 0],
                    [0, 0],
                    [0, -1.658],
                    [0, 0]
                  ],
                  "o": [
                    [0, 0],
                    [-1.658, 0],
                    [0, 0],
                    [0, -1.658],
                    [0, 0],
                    [1.657, 0],
                    [0, 0],
                    [0, 1.657]
                  ],
                  "v": [
                    [20.576, 4.962],
                    [-20.576, 4.962],
                    [-23.576, 1.962],
                    [-23.576, -1.962],
                    [-20.576, -4.962],
                    [20.576, -4.962],
                    [23.576, -1.962],
                    [23.576, 1.962]
                  ],
                  "c": true
                },
                "ix": 2
              },
              "nm": "Path 1",
              "mn": "ADBE Vector Shape - Group",
              "hd": false
            },
            {
              "ty": "fl",
              "c": {
                "a": 0,
                "k": [0.847000002394, 0.847000002394, 0.847000002394, 1],
                "ix": 4
              },
              "o": { "a": 0, "k": 100, "ix": 5 },
              "r": 1,
              "bm": 0,
              "nm": "Fill 1",
              "mn": "ADBE Vector Graphic - Fill",
              "hd": false
            },
            {
              "ty": "tr",
              "p": { "a": 0, "k": [73.996, 32.288], "ix": 2 },
              "a": { "a": 0, "k": [0, 0], "ix": 1 },
              "s": { "a": 0, "k": [100, 100], "ix": 3 },
              "r": { "a": 0, "k": 0, "ix": 6 },
              "o": { "a": 0, "k": 100, "ix": 7 },
              "sk": { "a": 0, "k": 0, "ix": 4 },
              "sa": { "a": 0, "k": 0, "ix": 5 },
              "nm": "Transform"
            }
          ],
          "nm": "Line 2",
          "np": 2,
          "cix": 2,
          "bm": 0,
          "ix": 1,
          "mn": "ADBE Vector Group",
          "hd": false
        }
      ],
      "ip": 10,
      "op": 144,
      "st": 5,
      "bm": 0
    },
    {
      "ddd": 0,
      "ind": 9,
      "ty": 4,
      "nm": "Line 3",
      "parent": 15,
      "sr": 1,
      "ks": {
        "o": {
          "a": 1,
          "k": [
            {
              "i": { "x": [0.833], "y": [0.833] },
              "o": { "x": [0.167], "y": [0.167] },
              "t": 12,
              "s": [0],
              "e": [100]
            },
            { "t": 18 }
          ],
          "ix": 11
        },
        "r": { "a": 0, "k": 0, "ix": 10 },
        "p": { "a": 0, "k": [18.539, 80.853, 0], "ix": 2 },
        "a": { "a": 0, "k": [0.501, 60.383, 0], "ix": 1 },
        "s": {
          "a": 1,
          "k": [
            {
              "i": { "x": [0.833, 0.833, 0.833], "y": [0.833, 0.833, 0.833] },
              "o": { "x": [0.167, 0.167, 0.167], "y": [0.167, 0.167, 0.167] },
              "t": 12,
              "s": [0, 93.883, 100],
              "e": [93.883, 93.883, 100]
            },
            { "t": 18 }
          ],
          "ix": 6
        }
      },
      "ao": 0,
      "shapes": [
        {
          "ty": "gr",
          "it": [
            {
              "ind": 0,
              "ty": "sh",
              "ix": 1,
              "ks": {
                "a": 0,
                "k": {
                  "i": [
                    [1.657, 0],
                    [0, 0],
                    [0, 1.657],
                    [0, 0],
                    [-1.658, 0],
                    [0, 0],
                    [0, -1.657],
                    [0, 0]
                  ],
                  "o": [
                    [0, 0],
                    [-1.658, 0],
                    [0, 0],
                    [0, -1.657],
                    [0, 0],
                    [1.657, 0],
                    [0, 0],
                    [0, 1.657]
                  ],
                  "v": [
                    [45.159, 4.963],
                    [-45.159, 4.963],
                    [-48.159, 1.963],
                    [-48.159, -1.963],
                    [-45.159, -4.963],
                    [45.159, -4.963],
                    [48.159, -1.963],
                    [48.159, 1.963]
                  ],
                  "c": true
                },
                "ix": 2
              },
              "nm": "Path 1",
              "mn": "ADBE Vector Shape - Group",
              "hd": false
            },
            {
              "ty": "fl",
              "c": {
                "a": 0,
                "k": [0.847000002394, 0.847000002394, 0.847000002394, 1],
                "ix": 4
              },
              "o": { "a": 0, "k": 100, "ix": 5 },
              "r": 1,
              "bm": 0,
              "nm": "Fill 1",
              "mn": "ADBE Vector Graphic - Fill",
              "hd": false
            },
            {
              "ty": "tr",
              "p": { "a": 0, "k": [48.66, 60.383], "ix": 2 },
              "a": { "a": 0, "k": [0, 0], "ix": 1 },
              "s": { "a": 0, "k": [100, 100], "ix": 3 },
              "r": { "a": 0, "k": 0, "ix": 6 },
              "o": { "a": 0, "k": 100, "ix": 7 },
              "sk": { "a": 0, "k": 0, "ix": 4 },
              "sa": { "a": 0, "k": 0, "ix": 5 },
              "nm": "Transform"
            }
          ],
          "nm": "Line 3",
          "np": 2,
          "cix": 2,
          "bm": 0,
          "ix": 1,
          "mn": "ADBE Vector Group",
          "hd": false
        }
      ],
      "ip": 10,
      "op": 144,
      "st": 5,
      "bm": 0
    },
    {
      "ddd": 0,
      "ind": 10,
      "ty": 4,
      "nm": "Line 4",
      "parent": 15,
      "sr": 1,
      "ks": {
        "o": {
          "a": 1,
          "k": [
            {
              "i": { "x": [0.833], "y": [0.833] },
              "o": { "x": [0.167], "y": [0.167] },
              "t": 13,
              "s": [0],
              "e": [100]
            },
            { "t": 19 }
          ],
          "ix": 11
        },
        "r": { "a": 0, "k": 0, "ix": 10 },
        "p": { "a": 0, "k": [18.774, 102.99, 0], "ix": 2 },
        "a": { "a": 0, "k": [0.752, 83.963, 0], "ix": 1 },
        "s": {
          "a": 1,
          "k": [
            {
              "i": { "x": [0.833, 0.833, 0.833], "y": [0.833, 0.833, 0.833] },
              "o": { "x": [0.167, 0.167, 0.167], "y": [0.167, 0.167, 0.167] },
              "t": 13,
              "s": [0, 93.883, 100],
              "e": [93.883, 93.883, 100]
            },
            { "t": 19 }
          ],
          "ix": 6
        }
      },
      "ao": 0,
      "shapes": [
        {
          "ty": "gr",
          "it": [
            {
              "ind": 0,
              "ty": "sh",
              "ix": 1,
              "ks": {
                "a": 0,
                "k": {
                  "i": [
                    [1.657, 0],
                    [0, 0],
                    [0, 1.657],
                    [0, 0],
                    [-1.658, 0],
                    [0, 0],
                    [0, -1.657],
                    [0, 0]
                  ],
                  "o": [
                    [0, 0],
                    [-1.658, 0],
                    [0, 0],
                    [0, -1.657],
                    [0, 0],
                    [1.657, 0],
                    [0, 0],
                    [0, 1.657]
                  ],
                  "v": [
                    [45.034, 4.962],
                    [-45.034, 4.962],
                    [-48.034, 1.962],
                    [-48.034, -1.962],
                    [-45.034, -4.962],
                    [45.034, -4.962],
                    [48.034, -1.962],
                    [48.034, 1.962]
                  ],
                  "c": true
                },
                "ix": 2
              },
              "nm": "Path 1",
              "mn": "ADBE Vector Shape - Group",
              "hd": false
            },
            {
              "ty": "fl",
              "c": {
                "a": 0,
                "k": [0.847000002394, 0.847000002394, 0.847000002394, 1],
                "ix": 4
              },
              "o": { "a": 0, "k": 100, "ix": 5 },
              "r": 1,
              "bm": 0,
              "nm": "Fill 1",
              "mn": "ADBE Vector Graphic - Fill",
              "hd": false
            },
            {
              "ty": "tr",
              "p": { "a": 0, "k": [48.786, 83.963], "ix": 2 },
              "a": { "a": 0, "k": [0, 0], "ix": 1 },
              "s": { "a": 0, "k": [100, 100], "ix": 3 },
              "r": { "a": 0, "k": 0, "ix": 6 },
              "o": { "a": 0, "k": 100, "ix": 7 },
              "sk": { "a": 0, "k": 0, "ix": 4 },
              "sa": { "a": 0, "k": 0, "ix": 5 },
              "nm": "Transform"
            }
          ],
          "nm": "Line 4",
          "np": 2,
          "cix": 2,
          "bm": 0,
          "ix": 1,
          "mn": "ADBE Vector Group",
          "hd": false
        }
      ],
      "ip": 10,
      "op": 144,
      "st": 5,
      "bm": 0
    },
    {
      "ddd": 0,
      "ind": 11,
      "ty": 4,
      "nm": "Line 5",
      "parent": 15,
      "sr": 1,
      "ks": {
        "o": {
          "a": 1,
          "k": [
            {
              "i": { "x": [0.833], "y": [0.833] },
              "o": { "x": [0.167], "y": [0.167] },
              "t": 14,
              "s": [0],
              "e": [100]
            },
            { "t": 20 }
          ],
          "ix": 11
        },
        "r": { "a": 0, "k": 0, "ix": 10 },
        "p": { "a": 0, "k": [18.303, 125.128, 0], "ix": 2 },
        "a": { "a": 0, "k": [0.25, 107.543, 0], "ix": 1 },
        "s": {
          "a": 1,
          "k": [
            {
              "i": { "x": [0.833, 0.833, 0.833], "y": [0.833, 0.833, 0.833] },
              "o": { "x": [0.167, 0.167, 0.167], "y": [0.167, 0.167, 0.167] },
              "t": 14,
              "s": [0, 93.883, 100],
              "e": [93.883, 93.883, 100]
            },
            { "t": 20 }
          ],
          "ix": 6
        }
      },
      "ao": 0,
      "shapes": [
        {
          "ty": "gr",
          "it": [
            {
              "ind": 0,
              "ty": "sh",
              "ix": 1,
              "ks": {
                "a": 0,
                "k": {
                  "i": [
                    [1.657, 0],
                    [0, 0],
                    [0, 1.657],
                    [0, 0],
                    [-1.657, 0],
                    [0, 0],
                    [0, -1.657],
                    [0, 0]
                  ],
                  "o": [
                    [0, 0],
                    [-1.657, 0],
                    [0, 0],
                    [0, -1.657],
                    [0, 0],
                    [1.657, 0],
                    [0, 0],
                    [0, 1.657]
                  ],
                  "v": [
                    [45.661, 4.962],
                    [-45.661, 4.962],
                    [-48.661, 1.962],
                    [-48.661, -1.962],
                    [-45.661, -4.962],
                    [45.661, -4.962],
                    [48.661, -1.962],
                    [48.661, 1.962]
                  ],
                  "c": true
                },
                "ix": 2
              },
              "nm": "Path 1",
              "mn": "ADBE Vector Shape - Group",
              "hd": false
            },
            {
              "ty": "fl",
              "c": {
                "a": 0,
                "k": [0.847000002394, 0.847000002394, 0.847000002394, 1],
                "ix": 4
              },
              "o": { "a": 0, "k": 100, "ix": 5 },
              "r": 1,
              "bm": 0,
              "nm": "Fill 1",
              "mn": "ADBE Vector Graphic - Fill",
              "hd": false
            },
            {
              "ty": "tr",
              "p": { "a": 0, "k": [48.911, 107.543], "ix": 2 },
              "a": { "a": 0, "k": [0, 0], "ix": 1 },
              "s": { "a": 0, "k": [100, 100], "ix": 3 },
              "r": { "a": 0, "k": 0, "ix": 6 },
              "o": { "a": 0, "k": 100, "ix": 7 },
              "sk": { "a": 0, "k": 0, "ix": 4 },
              "sa": { "a": 0, "k": 0, "ix": 5 },
              "nm": "Transform"
            }
          ],
          "nm": "Line 5",
          "np": 2,
          "cix": 2,
          "bm": 0,
          "ix": 1,
          "mn": "ADBE Vector Group",
          "hd": false
        }
      ],
      "ip": 10,
      "op": 144,
      "st": 5,
      "bm": 0
    },
    {
      "ddd": 0,
      "ind": 12,
      "ty": 4,
      "nm": "Line 6",
      "parent": 15,
      "sr": 1,
      "ks": {
        "o": {
          "a": 1,
          "k": [
            {
              "i": { "x": [0.833], "y": [0.833] },
              "o": { "x": [0.167], "y": [0.167] },
              "t": 15,
              "s": [0],
              "e": [100]
            },
            { "t": 21 }
          ],
          "ix": 11
        },
        "r": { "a": 0, "k": 0, "ix": 10 },
        "p": { "a": 0, "k": [18.303, 147.972, 0], "ix": 2 },
        "a": { "a": 0, "k": [0.25, 131.876, 0], "ix": 1 },
        "s": {
          "a": 1,
          "k": [
            {
              "i": { "x": [0.833, 0.833, 0.833], "y": [0.833, 0.833, 0.833] },
              "o": { "x": [0.167, 0.167, 0.167], "y": [0.167, 0.167, 0.167] },
              "t": 15,
              "s": [0, 93.883, 100],
              "e": [93.883, 93.883, 100]
            },
            { "t": 21 }
          ],
          "ix": 6
        }
      },
      "ao": 0,
      "shapes": [
        {
          "ty": "gr",
          "it": [
            {
              "ind": 0,
              "ty": "sh",
              "ix": 1,
              "ks": {
                "a": 0,
                "k": {
                  "i": [
                    [1.657, 0],
                    [0, 0],
                    [0, 1.657],
                    [0, 0],
                    [-1.657, 0],
                    [0, 0],
                    [0, -1.656],
                    [0, 0]
                  ],
                  "o": [
                    [0, 0],
                    [-1.657, 0],
                    [0, 0],
                    [0, -1.656],
                    [0, 0],
                    [1.657, 0],
                    [0, 0],
                    [0, 1.657]
                  ],
                  "v": [
                    [45.661, 4.963],
                    [-45.661, 4.963],
                    [-48.661, 1.963],
                    [-48.661, -1.963],
                    [-45.661, -4.963],
                    [45.661, -4.963],
                    [48.661, -1.963],
                    [48.661, 1.963]
                  ],
                  "c": true
                },
                "ix": 2
              },
              "nm": "Path 1",
              "mn": "ADBE Vector Shape - Group",
              "hd": false
            },
            {
              "ty": "fl",
              "c": {
                "a": 0,
                "k": [0.847000002394, 0.847000002394, 0.847000002394, 1],
                "ix": 4
              },
              "o": { "a": 0, "k": 100, "ix": 5 },
              "r": 1,
              "bm": 0,
              "nm": "Fill 1",
              "mn": "ADBE Vector Graphic - Fill",
              "hd": false
            },
            {
              "ty": "tr",
              "p": { "a": 0, "k": [48.911, 131.876], "ix": 2 },
              "a": { "a": 0, "k": [0, 0], "ix": 1 },
              "s": { "a": 0, "k": [100, 100], "ix": 3 },
              "r": { "a": 0, "k": 0, "ix": 6 },
              "o": { "a": 0, "k": 100, "ix": 7 },
              "sk": { "a": 0, "k": 0, "ix": 4 },
              "sa": { "a": 0, "k": 0, "ix": 5 },
              "nm": "Transform"
            }
          ],
          "nm": "Line 6",
          "np": 2,
          "cix": 2,
          "bm": 0,
          "ix": 1,
          "mn": "ADBE Vector Group",
          "hd": false
        }
      ],
      "ip": 10,
      "op": 144,
      "st": 5,
      "bm": 0
    },
    {
      "ddd": 0,
      "ind": 13,
      "ty": 4,
      "nm": "Line 7",
      "parent": 15,
      "sr": 1,
      "ks": {
        "o": {
          "a": 1,
          "k": [
            {
              "i": { "x": [0.833], "y": [0.833] },
              "o": { "x": [0.167], "y": [0.167] },
              "t": 16,
              "s": [0],
              "e": [100]
            },
            { "t": 22 }
          ],
          "ix": 11
        },
        "r": { "a": 0, "k": 0, "ix": 10 },
        "p": { "a": 0, "k": [18.539, 170.581, 0], "ix": 2 },
        "a": { "a": 0, "k": [0.501, 155.958, 0], "ix": 1 },
        "s": {
          "a": 1,
          "k": [
            {
              "i": { "x": [0.833, 0.833, 0.833], "y": [0.833, 0.833, 0.833] },
              "o": { "x": [0.167, 0.167, 0.167], "y": [0.167, 0.167, 0.167] },
              "t": 16,
              "s": [0, 93.883, 100],
              "e": [93.883, 93.883, 100]
            },
            { "t": 22 }
          ],
          "ix": 6
        }
      },
      "ao": 0,
      "shapes": [
        {
          "ty": "gr",
          "it": [
            {
              "ind": 0,
              "ty": "sh",
              "ix": 1,
              "ks": {
                "a": 0,
                "k": {
                  "i": [
                    [1.657, 0],
                    [0, 0],
                    [0, 1.656],
                    [0, 0],
                    [-1.658, 0],
                    [0, 0],
                    [0, -1.657],
                    [0, 0]
                  ],
                  "o": [
                    [0, 0],
                    [-1.658, 0],
                    [0, 0],
                    [0, -1.657],
                    [0, 0],
                    [1.657, 0],
                    [0, 0],
                    [0, 1.656]
                  ],
                  "v": [
                    [45.159, 4.963],
                    [-45.159, 4.963],
                    [-48.159, 1.963],
                    [-48.159, -1.963],
                    [-45.159, -4.963],
                    [45.159, -4.963],
                    [48.159, -1.963],
                    [48.159, 1.963]
                  ],
                  "c": true
                },
                "ix": 2
              },
              "nm": "Path 1",
              "mn": "ADBE Vector Shape - Group",
              "hd": false
            },
            {
              "ty": "fl",
              "c": {
                "a": 0,
                "k": [0.847000002394, 0.847000002394, 0.847000002394, 1],
                "ix": 4
              },
              "o": { "a": 0, "k": 100, "ix": 5 },
              "r": 1,
              "bm": 0,
              "nm": "Fill 1",
              "mn": "ADBE Vector Graphic - Fill",
              "hd": false
            },
            {
              "ty": "tr",
              "p": { "a": 0, "k": [48.66, 155.958], "ix": 2 },
              "a": { "a": 0, "k": [0, 0], "ix": 1 },
              "s": { "a": 0, "k": [100, 100], "ix": 3 },
              "r": { "a": 0, "k": 0, "ix": 6 },
              "o": { "a": 0, "k": 100, "ix": 7 },
              "sk": { "a": 0, "k": 0, "ix": 4 },
              "sa": { "a": 0, "k": 0, "ix": 5 },
              "nm": "Transform"
            }
          ],
          "nm": "Line 7",
          "np": 2,
          "cix": 2,
          "bm": 0,
          "ix": 1,
          "mn": "ADBE Vector Group",
          "hd": false
        }
      ],
      "ip": 10,
      "op": 145,
      "st": 5,
      "bm": 0
    },
    {
      "ddd": 0,
      "ind": 15,
      "ty": 4,
      "nm": "Right Page 1",
      "sr": 1,
      "ks": {
        "o": { "a": 0, "k": 100, "ix": 11 },
        "r": { "a": 0, "k": 0, "ix": 10 },
        "p": {
          "a": 1,
          "k": [
            {
              "i": { "x": 0.833, "y": 0.833 },
              "o": { "x": 0.167, "y": 0.167 },
              "t": 4,
              "s": [435.776, 247, 0],
              "e": [250.776, 247.017, 0],
              "to": [-30.833, 0.003, 0],
              "ti": [30.833, -0.003, 0]
            },
            { "t": 16 }
          ],
          "ix": 2,
          "x": "var $bm_rt;\nvar n, n, t, t, v, amp, freq, decay;\n$bm_rt = n = 0;\nif (numKeys > 0) {\n    $bm_rt = n = nearestKey(time).index;\n    if (key(n).time > time) {\n        n--;\n    }\n}\nif (n == 0) {\n    $bm_rt = t = 0;\n} else {\n    $bm_rt = t = $bm_sub(time, key(n).time);\n}\nif (n > 0 && t < 1) {\n    v = velocityAtTime($bm_sub(key(n).time, $bm_div(thisComp.frameDuration, 10)));\n    amp = 0.05;\n    freq = 2;\n    decay = 8;\n    $bm_rt = $bm_sum(value, $bm_div($bm_mul($bm_mul(v, amp), Math.sin($bm_mul($bm_mul($bm_mul(freq, t), 2), Math.PI))), Math.exp($bm_mul(decay, t))));\n} else {\n    $bm_rt = value;\n}"
        },
        "a": { "a": 0, "k": [64.304, 101.087, 0], "ix": 1 },
        "s": {
          "a": 1,
          "k": [
            {
              "i": { "x": [0.833, 0.833, 0.833], "y": [0.833, 0.833, 0.833] },
              "o": { "x": [0.167, 0.167, 0.167], "y": [0.167, 0.167, 0.167] },
              "t": 4,
              "s": [100, 94.05, 100],
              "e": [138, 138, 100]
            },
            { "t": 16 }
          ],
          "ix": 6,
          "x": "var $bm_rt;\nvar n, n, t, t, v, amp, freq, decay;\n$bm_rt = n = 0;\nif (numKeys > 0) {\n    $bm_rt = n = nearestKey(time).index;\n    if (key(n).time > time) {\n        n--;\n    }\n}\nif (n == 0) {\n    $bm_rt = t = 0;\n} else {\n    $bm_rt = t = $bm_sub(time, key(n).time);\n}\nif (n > 0 && t < 1) {\n    v = velocityAtTime($bm_sub(key(n).time, $bm_div(thisComp.frameDuration, 10)));\n    amp = 0.05;\n    freq = 2;\n    decay = 8;\n    $bm_rt = $bm_sum(value, $bm_div($bm_mul($bm_mul(v, amp), Math.sin($bm_mul($bm_mul($bm_mul(freq, t), 2), Math.PI))), Math.exp($bm_mul(decay, t))));\n} else {\n    $bm_rt = value;\n}"
        }
      },
      "ao": 0,
      "shapes": [
        {
          "ty": "gr",
          "it": [
            {
              "ind": 0,
              "ty": "sh",
              "ix": 1,
              "ks": {
                "a": 0,
                "k": {
                  "i": [
                    [7.048, 0],
                    [0, 0],
                    [0, 7.048],
                    [0, 0],
                    [-7.048, 0],
                    [0, 0],
                    [0, -7.048],
                    [0, 0]
                  ],
                  "o": [
                    [0, 0],
                    [-7.048, 0],
                    [0, 0],
                    [0, -7.048],
                    [0, 0],
                    [7.048, 0],
                    [0, 0],
                    [0, 7.048]
                  ],
                  "v": [
                    [51.292, 100.837],
                    [-51.293, 100.837],
                    [-64.054, 88.076],
                    [-64.054, -88.076],
                    [-51.293, -100.837],
                    [51.292, -100.837],
                    [64.054, -88.076],
                    [64.054, 88.076]
                  ],
                  "c": true
                },
                "ix": 2
              },
              "nm": "Path 1",
              "mn": "ADBE Vector Shape - Group",
              "hd": false
            },
            {
              "ty": "fl",
              "c": {
                "a": 1,
                "k": [
                  {
                    "i": { "x": [0.833], "y": [0.833] },
                    "o": { "x": [0.167], "y": [0.167] },
                    "t": 4,
                    "s": [0.917999985639, 0.917999985639, 0.917999985639, 1],
                    "e": [1, 1, 1, 1]
                  },
                  { "t": 16 }
                ],
                "ix": 4
              },
              "o": { "a": 0, "k": 100, "ix": 5 },
              "r": 1,
              "bm": 0,
              "nm": "Fill 1",
              "mn": "ADBE Vector Graphic - Fill",
              "hd": false
            },
            {
              "ty": "tr",
              "p": { "a": 0, "k": [64.304, 101.087], "ix": 2 },
              "a": { "a": 0, "k": [0, 0], "ix": 1 },
              "s": { "a": 0, "k": [101.747, 96.634], "ix": 3 },
              "r": { "a": 0, "k": 0, "ix": 6 },
              "o": { "a": 0, "k": 100, "ix": 7 },
              "sk": { "a": 0, "k": 0, "ix": 4 },
              "sa": { "a": 0, "k": 0, "ix": 5 },
              "nm": "Transform"
            }
          ],
          "nm": "Group 1",
          "np": 2,
          "cix": 2,
          "bm": 0,
          "ix": 1,
          "mn": "ADBE Vector Group",
          "hd": false
        }
      ],
      "ip": 0,
      "op": 145,
      "st": -6,
      "bm": 0
    },
    {
      "ddd": 0,
      "ind": 16,
      "ty": 4,
      "nm": "Right Page 2",
      "sr": 1,
      "ks": {
        "o": { "a": 0, "k": 100, "ix": 11 },
        "r": { "a": 0, "k": 0, "ix": 10 },
        "p": {
          "a": 1,
          "k": [
            {
              "i": { "x": 0.833, "y": 0.833 },
              "o": { "x": 0.167, "y": 0.167 },
              "t": 8,
              "s": [575.776, 252.017, 0],
              "e": [435.776, 247.017, 0],
              "to": [-23.333, -0.833, 0],
              "ti": [23.333, 0.833, 0]
            },
            { "t": 20 }
          ],
          "ix": 2,
          "x": "var $bm_rt;\nvar n, n, t, t, v, amp, freq, decay;\n$bm_rt = n = 0;\nif (numKeys > 0) {\n    $bm_rt = n = nearestKey(time).index;\n    if (key(n).time > time) {\n        n--;\n    }\n}\nif (n == 0) {\n    $bm_rt = t = 0;\n} else {\n    $bm_rt = t = $bm_sub(time, key(n).time);\n}\nif (n > 0 && t < 1) {\n    v = velocityAtTime($bm_sub(key(n).time, $bm_div(thisComp.frameDuration, 10)));\n    amp = 0.05;\n    freq = 2;\n    decay = 8;\n    $bm_rt = $bm_sum(value, $bm_div($bm_mul($bm_mul(v, amp), Math.sin($bm_mul($bm_mul($bm_mul(freq, t), 2), Math.PI))), Math.exp($bm_mul(decay, t))));\n} else {\n    $bm_rt = value;\n}"
        },
        "a": { "a": 0, "k": [64.304, 101.087, 0], "ix": 1 },
        "s": { "a": 0, "k": [100, 88.1, 100], "ix": 6 }
      },
      "ao": 0,
      "shapes": [
        {
          "ty": "gr",
          "it": [
            {
              "ind": 0,
              "ty": "sh",
              "ix": 1,
              "ks": {
                "a": 0,
                "k": {
                  "i": [
                    [7.048, 0],
                    [0, 0],
                    [0, 7.048],
                    [0, 0],
                    [-7.048, 0],
                    [0, 0],
                    [0, -7.047],
                    [0, 0]
                  ],
                  "o": [
                    [0, 0],
                    [-7.048, 0],
                    [0, 0],
                    [0, -7.047],
                    [0, 0],
                    [7.048, 0],
                    [0, 0],
                    [0, 7.048]
                  ],
                  "v": [
                    [51.292, 100.837],
                    [-51.293, 100.837],
                    [-64.054, 88.076],
                    [-64.054, -88.076],
                    [-51.293, -100.837],
                    [51.292, -100.837],
                    [64.054, -88.076],
                    [64.054, 88.076]
                  ],
                  "c": true
                },
                "ix": 2
              },
              "nm": "Path 1",
              "mn": "ADBE Vector Shape - Group",
              "hd": false
            },
            {
              "ty": "fl",
              "c": {
                "a": 0,
                "k": [0.917999985639, 0.917999985639, 0.917999985639, 1],
                "ix": 4
              },
              "o": { "a": 0, "k": 100, "ix": 5 },
              "r": 1,
              "bm": 0,
              "nm": "Fill 1",
              "mn": "ADBE Vector Graphic - Fill",
              "hd": false
            },
            {
              "ty": "tr",
              "p": { "a": 0, "k": [64.304, 101.087], "ix": 2 },
              "a": { "a": 0, "k": [0, 0], "ix": 1 },
              "s": { "a": 0, "k": [100, 100], "ix": 3 },
              "r": { "a": 0, "k": 0, "ix": 6 },
              "o": { "a": 0, "k": 100, "ix": 7 },
              "sk": { "a": 0, "k": 0, "ix": 4 },
              "sa": { "a": 0, "k": 0, "ix": 5 },
              "nm": "Transform"
            }
          ],
          "nm": "Group 9",
          "np": 2,
          "cix": 2,
          "bm": 0,
          "ix": 1,
          "mn": "ADBE Vector Group",
          "hd": false
        }
      ],
      "ip": 4,
      "op": 148,
      "st": 4,
      "bm": 0
    },
    {
      "ddd": 0,
      "ind": 17,
      "ty": 4,
      "nm": "Left Page 1",
      "sr": 1,
      "ks": {
        "o": { "a": 0, "k": 100, "ix": 11 },
        "r": { "a": 0, "k": 0, "ix": 10 },
        "p": {
          "a": 1,
          "k": [
            {
              "i": { "x": 0.833, "y": 0.833 },
              "o": { "x": 0.167, "y": 0.167 },
              "t": -2,
              "s": [64.898, 247.073, 0],
              "e": [-93.102, 247.073, 0],
              "to": [-26.333, 0, 0],
              "ti": [26.333, 0, 0]
            },
            { "t": 10 }
          ],
          "ix": 2,
          "x": "var $bm_rt;\nvar n, n, t, t, v, amp, freq, decay;\n$bm_rt = n = 0;\nif (numKeys > 0) {\n    $bm_rt = n = nearestKey(time).index;\n    if (key(n).time > time) {\n        n--;\n    }\n}\nif (n == 0) {\n    $bm_rt = t = 0;\n} else {\n    $bm_rt = t = $bm_sub(time, key(n).time);\n}\nif (n > 0 && t < 1) {\n    v = velocityAtTime($bm_sub(key(n).time, $bm_div(thisComp.frameDuration, 10)));\n    amp = 0.05;\n    freq = 2;\n    decay = 8;\n    $bm_rt = $bm_sum(value, $bm_div($bm_mul($bm_mul(v, amp), Math.sin($bm_mul($bm_mul($bm_mul(freq, t), 2), Math.PI))), Math.exp($bm_mul(decay, t))));\n} else {\n    $bm_rt = value;\n}"
        },
        "a": { "a": 0, "k": [64.303, 101.087, 0], "ix": 1 },
        "s": { "a": 0, "k": [100, 93.058, 100], "ix": 6 }
      },
      "ao": 0,
      "shapes": [
        {
          "ty": "gr",
          "it": [
            {
              "ind": 0,
              "ty": "sh",
              "ix": 1,
              "ks": {
                "a": 0,
                "k": {
                  "i": [
                    [7.048, 0],
                    [0, 0],
                    [0, 7.048],
                    [0, 0],
                    [-7.048, 0],
                    [0, 0],
                    [0, -7.048],
                    [0, 0]
                  ],
                  "o": [
                    [0, 0],
                    [-7.048, 0],
                    [0, 0],
                    [0, -7.048],
                    [0, 0],
                    [7.048, 0],
                    [0, 0],
                    [0, 7.048]
                  ],
                  "v": [
                    [51.293, 100.837],
                    [-51.292, 100.837],
                    [-64.053, 88.075],
                    [-64.053, -88.076],
                    [-51.292, -100.837],
                    [51.293, -100.837],
                    [64.054, -88.076],
                    [64.054, 88.075]
                  ],
                  "c": true
                },
                "ix": 2
              },
              "nm": "Path 1",
              "mn": "ADBE Vector Shape - Group",
              "hd": false
            },
            {
              "ty": "fl",
              "c": {
                "a": 0,
                "k": [0.917999985639, 0.917999985639, 0.917999985639, 1],
                "ix": 4
              },
              "o": { "a": 0, "k": 100, "ix": 5 },
              "r": 1,
              "bm": 0,
              "nm": "Fill 1",
              "mn": "ADBE Vector Graphic - Fill",
              "hd": false
            },
            {
              "ty": "tr",
              "p": { "a": 0, "k": [64.303, 101.087], "ix": 2 },
              "a": { "a": 0, "k": [0, 0], "ix": 1 },
              "s": { "a": 0, "k": [100, 100], "ix": 3 },
              "r": { "a": 0, "k": 0, "ix": 6 },
              "o": { "a": 0, "k": 100, "ix": 7 },
              "sk": { "a": 0, "k": 0, "ix": 4 },
              "sa": { "a": 0, "k": 0, "ix": 5 },
              "nm": "Transform"
            }
          ],
          "nm": "Group 1",
          "np": 2,
          "cix": 2,
          "bm": 0,
          "ix": 1,
          "mn": "ADBE Vector Group",
          "hd": false
        }
      ],
      "ip": 0,
      "op": 145,
      "st": 0,
      "bm": 0
    },
    {
      "ddd": 0,
      "ind": 18,
      "ty": 4,
      "nm": "Middle Text",
      "sr": 1,
      "ks": {
        "o": {
          "a": 1,
          "k": [
            {
              "i": { "x": [0.667], "y": [1] },
              "o": { "x": [0.333], "y": [0] },
              "t": 2,
              "s": [100],
              "e": [100]
            },
            {
              "i": { "x": [0.667], "y": [1] },
              "o": { "x": [0.333], "y": [0] },
              "t": 8,
              "s": [100],
              "e": [0]
            },
            { "t": 14 }
          ],
          "ix": 11
        },
        "r": { "a": 0, "k": 0, "ix": 10 },
        "p": {
          "a": 1,
          "k": [
            {
              "i": { "x": 0.667, "y": 1 },
              "o": { "x": 0.333, "y": 0 },
              "t": 2,
              "s": [249.339, 244.683, 0],
              "e": [65.339, 244.683, 0],
              "to": [-30.667, 0, 0],
              "ti": [30.667, 0, 0]
            },
            { "t": 14 }
          ],
          "ix": 2
        },
        "a": { "a": 0, "k": [64.911, 107, 0], "ix": 1 },
        "s": {
          "a": 1,
          "k": [
            {
              "i": { "x": [0.667, 0.667, 0.667], "y": [1, 1, 1] },
              "o": { "x": [0.333, 0.333, 0.333], "y": [0, 0, 0] },
              "t": 3,
              "s": [100, 100, 100],
              "e": [75, 75, 100]
            },
            { "t": 15 }
          ],
          "ix": 6
        }
      },
      "ao": 0,
      "shapes": [
        {
          "ty": "gr",
          "it": [
            {
              "ind": 0,
              "ty": "sh",
              "ix": 1,
              "ks": {
                "a": 0,
                "k": {
                  "i": [
                    [3.642, 0],
                    [0, 0],
                    [0, 3.642],
                    [0, 0],
                    [-3.642, 0],
                    [0, 0],
                    [0, -3.642],
                    [0, 0]
                  ],
                  "o": [
                    [0, 0],
                    [-3.642, 0],
                    [0, 0],
                    [0, -3.642],
                    [0, 0],
                    [3.642, 0],
                    [0, 0],
                    [0, 3.642]
                  ],
                  "v": [
                    [20.939, 27.533],
                    [-20.939, 27.533],
                    [-27.534, 20.939],
                    [-27.534, -20.939],
                    [-20.939, -27.533],
                    [20.939, -27.533],
                    [27.534, -20.939],
                    [27.534, 20.939]
                  ],
                  "c": true
                },
                "ix": 2
              },
              "nm": "Path 1",
              "mn": "ADBE Vector Shape - Group",
              "hd": false
            },
            {
              "ty": "fl",
              "c": {
                "a": 0,
                "k": [0.847000002394, 0.847000002394, 0.847000002394, 1],
                "ix": 4
              },
              "o": { "a": 0, "k": 100, "ix": 5 },
              "r": 1,
              "bm": 0,
              "nm": "Fill 1",
              "mn": "ADBE Vector Graphic - Fill",
              "hd": false
            },
            {
              "ty": "tr",
              "p": { "a": 0, "k": [27.993, 27.784], "ix": 2 },
              "a": { "a": 0, "k": [0, 0], "ix": 1 },
              "s": { "a": 0, "k": [100, 100], "ix": 3 },
              "r": { "a": 0, "k": 0, "ix": 6 },
              "o": { "a": 0, "k": 100, "ix": 7 },
              "sk": { "a": 0, "k": 0, "ix": 4 },
              "sa": { "a": 0, "k": 0, "ix": 5 },
              "nm": "Transform"
            }
          ],
          "nm": "Group 1",
          "np": 2,
          "cix": 2,
          "bm": 0,
          "ix": 1,
          "mn": "ADBE Vector Group",
          "hd": false
        },
        {
          "ty": "gr",
          "it": [
            {
              "ind": 0,
              "ty": "sh",
              "ix": 1,
              "ks": {
                "a": 0,
                "k": {
                  "i": [
                    [1.657, 0],
                    [0, 0],
                    [0, 1.656],
                    [0, 0],
                    [-1.657, 0],
                    [0, 0],
                    [0, -1.658],
                    [0, 0]
                  ],
                  "o": [
                    [0, 0],
                    [-1.657, 0],
                    [0, 0],
                    [0, -1.658],
                    [0, 0],
                    [1.657, 0],
                    [0, 0],
                    [0, 1.656]
                  ],
                  "v": [
                    [61.661, 6.594],
                    [-61.661, 6.594],
                    [-64.661, 3.594],
                    [-64.661, -3.594],
                    [-61.661, -6.594],
                    [61.661, -6.594],
                    [64.661, -3.594],
                    [64.661, 3.594]
                  ],
                  "c": true
                },
                "ix": 2
              },
              "nm": "Path 1",
              "mn": "ADBE Vector Shape - Group",
              "hd": false
            },
            {
              "ty": "fl",
              "c": {
                "a": 0,
                "k": [0.847000002394, 0.847000002394, 0.847000002394, 1],
                "ix": 4
              },
              "o": { "a": 0, "k": 100, "ix": 5 },
              "r": 1,
              "bm": 0,
              "nm": "Fill 1",
              "mn": "ADBE Vector Graphic - Fill",
              "hd": false
            },
            {
              "ty": "tr",
              "p": { "a": 0, "k": [64.911, 142.822], "ix": 2 },
              "a": { "a": 0, "k": [0, 0], "ix": 1 },
              "s": { "a": 0, "k": [100, 100], "ix": 3 },
              "r": { "a": 0, "k": 0, "ix": 6 },
              "o": { "a": 0, "k": 100, "ix": 7 },
              "sk": { "a": 0, "k": 0, "ix": 4 },
              "sa": { "a": 0, "k": 0, "ix": 5 },
              "nm": "Transform"
            }
          ],
          "nm": "Group 2",
          "np": 2,
          "cix": 2,
          "bm": 0,
          "ix": 2,
          "mn": "ADBE Vector Group",
          "hd": false
        },
        {
          "ty": "gr",
          "it": [
            {
              "ind": 0,
              "ty": "sh",
              "ix": 1,
              "ks": {
                "a": 0,
                "k": {
                  "i": [
                    [1.657, 0],
                    [0, 0],
                    [0, 1.657],
                    [0, 0],
                    [-1.658, 0],
                    [0, 0],
                    [0, -1.657],
                    [0, 0]
                  ],
                  "o": [
                    [0, 0],
                    [-1.658, 0],
                    [0, 0],
                    [0, -1.657],
                    [0, 0],
                    [1.657, 0],
                    [0, 0],
                    [0, 1.657]
                  ],
                  "v": [
                    [60.827, 6.594],
                    [-60.827, 6.594],
                    [-63.827, 3.594],
                    [-63.827, -3.594],
                    [-60.827, -6.594],
                    [60.827, -6.594],
                    [63.827, -3.594],
                    [63.827, 3.594]
                  ],
                  "c": true
                },
                "ix": 2
              },
              "nm": "Path 1",
              "mn": "ADBE Vector Shape - Group",
              "hd": false
            },
            {
              "ty": "fl",
              "c": {
                "a": 0,
                "k": [0.847000002394, 0.847000002394, 0.847000002394, 1],
                "ix": 4
              },
              "o": { "a": 0, "k": 100, "ix": 5 },
              "r": 1,
              "bm": 0,
              "nm": "Fill 1",
              "mn": "ADBE Vector Graphic - Fill",
              "hd": false
            },
            {
              "ty": "tr",
              "p": { "a": 0, "k": [64.744, 111.488], "ix": 2 },
              "a": { "a": 0, "k": [0, 0], "ix": 1 },
              "s": { "a": 0, "k": [100, 100], "ix": 3 },
              "r": { "a": 0, "k": 0, "ix": 6 },
              "o": { "a": 0, "k": 100, "ix": 7 },
              "sk": { "a": 0, "k": 0, "ix": 4 },
              "sa": { "a": 0, "k": 0, "ix": 5 },
              "nm": "Transform"
            }
          ],
          "nm": "Group 3",
          "np": 2,
          "cix": 2,
          "bm": 0,
          "ix": 3,
          "mn": "ADBE Vector Group",
          "hd": false
        },
        {
          "ty": "gr",
          "it": [
            {
              "ind": 0,
              "ty": "sh",
              "ix": 1,
              "ks": {
                "a": 0,
                "k": {
                  "i": [
                    [1.657, 0],
                    [0, 0],
                    [0, 1.657],
                    [0, 0],
                    [-1.658, 0],
                    [0, 0],
                    [0, -1.657],
                    [0, 0]
                  ],
                  "o": [
                    [0, 0],
                    [-1.658, 0],
                    [0, 0],
                    [0, -1.657],
                    [0, 0],
                    [1.657, 0],
                    [0, 0],
                    [0, 1.657]
                  ],
                  "v": [
                    [28.327, 6.594],
                    [-28.327, 6.594],
                    [-31.327, 3.594],
                    [-31.327, -3.594],
                    [-28.327, -6.594],
                    [28.327, -6.594],
                    [31.327, -3.594],
                    [31.327, 3.594]
                  ],
                  "c": true
                },
                "ix": 2
              },
              "nm": "Path 1",
              "mn": "ADBE Vector Shape - Group",
              "hd": false
            },
            {
              "ty": "fl",
              "c": {
                "a": 0,
                "k": [0.847000002394, 0.847000002394, 0.847000002394, 1],
                "ix": 4
              },
              "o": { "a": 0, "k": 100, "ix": 5 },
              "r": 1,
              "bm": 0,
              "nm": "Fill 1",
              "mn": "ADBE Vector Graphic - Fill",
              "hd": false
            },
            {
              "ty": "tr",
              "p": { "a": 0, "k": [98.244, 42.822], "ix": 2 },
              "a": { "a": 0, "k": [0, 0], "ix": 1 },
              "s": { "a": 0, "k": [100, 100], "ix": 3 },
              "r": { "a": 0, "k": 0, "ix": 6 },
              "o": { "a": 0, "k": 100, "ix": 7 },
              "sk": { "a": 0, "k": 0, "ix": 4 },
              "sa": { "a": 0, "k": 0, "ix": 5 },
              "nm": "Transform"
            }
          ],
          "nm": "Group 4",
          "np": 2,
          "cix": 2,
          "bm": 0,
          "ix": 4,
          "mn": "ADBE Vector Group",
          "hd": false
        },
        {
          "ty": "gr",
          "it": [
            {
              "ind": 0,
              "ty": "sh",
              "ix": 1,
              "ks": {
                "a": 0,
                "k": {
                  "i": [
                    [1.657, 0],
                    [0, 0],
                    [0, 1.657],
                    [0, 0],
                    [-1.657, 0],
                    [0, 0],
                    [0, -1.657],
                    [0, 0]
                  ],
                  "o": [
                    [0, 0],
                    [-1.657, 0],
                    [0, 0],
                    [0, -1.657],
                    [0, 0],
                    [1.657, 0],
                    [0, 0],
                    [0, 1.657]
                  ],
                  "v": [
                    [27.661, 6.594],
                    [-27.661, 6.594],
                    [-30.661, 3.594],
                    [-30.661, -3.594],
                    [-27.661, -6.594],
                    [27.661, -6.594],
                    [30.661, -3.594],
                    [30.661, 3.594]
                  ],
                  "c": true
                },
                "ix": 2
              },
              "nm": "Path 1",
              "mn": "ADBE Vector Shape - Group",
              "hd": false
            },
            {
              "ty": "fl",
              "c": {
                "a": 0,
                "k": [0.847000002394, 0.847000002394, 0.847000002394, 1],
                "ix": 4
              },
              "o": { "a": 0, "k": 100, "ix": 5 },
              "r": 1,
              "bm": 0,
              "nm": "Fill 1",
              "mn": "ADBE Vector Graphic - Fill",
              "hd": false
            },
            {
              "ty": "tr",
              "p": { "a": 0, "k": [97.911, 17.489], "ix": 2 },
              "a": { "a": 0, "k": [0, 0], "ix": 1 },
              "s": { "a": 0, "k": [100, 100], "ix": 3 },
              "r": { "a": 0, "k": 0, "ix": 6 },
              "o": { "a": 0, "k": 100, "ix": 7 },
              "sk": { "a": 0, "k": 0, "ix": 4 },
              "sa": { "a": 0, "k": 0, "ix": 5 },
              "nm": "Transform"
            }
          ],
          "nm": "Group 5",
          "np": 2,
          "cix": 2,
          "bm": 0,
          "ix": 5,
          "mn": "ADBE Vector Group",
          "hd": false
        },
        {
          "ty": "gr",
          "it": [
            {
              "ind": 0,
              "ty": "sh",
              "ix": 1,
              "ks": {
                "a": 0,
                "k": {
                  "i": [
                    [1.657, 0],
                    [0, 0],
                    [0, 1.657],
                    [0, 0],
                    [-1.657, 0],
                    [0, 0],
                    [0, -1.657],
                    [0, 0]
                  ],
                  "o": [
                    [0, 0],
                    [-1.657, 0],
                    [0, 0],
                    [0, -1.657],
                    [0, 0],
                    [1.657, 0],
                    [0, 0],
                    [0, 1.657]
                  ],
                  "v": [
                    [60.995, 6.594],
                    [-60.995, 6.594],
                    [-63.995, 3.594],
                    [-63.995, -3.594],
                    [-60.995, -6.594],
                    [60.995, -6.594],
                    [63.995, -3.594],
                    [63.995, 3.594]
                  ],
                  "c": true
                },
                "ix": 2
              },
              "nm": "Path 1",
              "mn": "ADBE Vector Shape - Group",
              "hd": false
            },
            {
              "ty": "fl",
              "c": {
                "a": 0,
                "k": [0.847000002394, 0.847000002394, 0.847000002394, 1],
                "ix": 4
              },
              "o": { "a": 0, "k": 100, "ix": 5 },
              "r": 1,
              "bm": 0,
              "nm": "Fill 1",
              "mn": "ADBE Vector Graphic - Fill",
              "hd": false
            },
            {
              "ty": "tr",
              "p": { "a": 0, "k": [64.577, 80.155], "ix": 2 },
              "a": { "a": 0, "k": [0, 0], "ix": 1 },
              "s": { "a": 0, "k": [100, 100], "ix": 3 },
              "r": { "a": 0, "k": 0, "ix": 6 },
              "o": { "a": 0, "k": 100, "ix": 7 },
              "sk": { "a": 0, "k": 0, "ix": 4 },
              "sa": { "a": 0, "k": 0, "ix": 5 },
              "nm": "Transform"
            }
          ],
          "nm": "Group 6",
          "np": 2,
          "cix": 2,
          "bm": 0,
          "ix": 6,
          "mn": "ADBE Vector Group",
          "hd": false
        },
        {
          "ty": "gr",
          "it": [
            {
              "ind": 0,
              "ty": "sh",
              "ix": 1,
              "ks": {
                "a": 0,
                "k": {
                  "i": [
                    [1.657, 0],
                    [0, 0],
                    [0, 1.657],
                    [0, 0],
                    [-1.657, 0],
                    [0, 0],
                    [0, -1.657],
                    [0, 0]
                  ],
                  "o": [
                    [0, 0],
                    [-1.657, 0],
                    [0, 0],
                    [0, -1.657],
                    [0, 0],
                    [1.657, 0],
                    [0, 0],
                    [0, 1.657]
                  ],
                  "v": [
                    [61.661, 6.594],
                    [-61.661, 6.594],
                    [-64.661, 3.594],
                    [-64.661, -3.594],
                    [-61.661, -6.594],
                    [61.661, -6.594],
                    [64.661, -3.594],
                    [64.661, 3.594]
                  ],
                  "c": true
                },
                "ix": 2
              },
              "nm": "Path 1",
              "mn": "ADBE Vector Shape - Group",
              "hd": false
            },
            {
              "ty": "fl",
              "c": {
                "a": 0,
                "k": [0.847000002394, 0.847000002394, 0.847000002394, 1],
                "ix": 4
              },
              "o": { "a": 0, "k": 100, "ix": 5 },
              "r": 1,
              "bm": 0,
              "nm": "Fill 1",
              "mn": "ADBE Vector Graphic - Fill",
              "hd": false
            },
            {
              "ty": "tr",
              "p": { "a": 0, "k": [64.911, 175.155], "ix": 2 },
              "a": { "a": 0, "k": [0, 0], "ix": 1 },
              "s": { "a": 0, "k": [100, 100], "ix": 3 },
              "r": { "a": 0, "k": 0, "ix": 6 },
              "o": { "a": 0, "k": 100, "ix": 7 },
              "sk": { "a": 0, "k": 0, "ix": 4 },
              "sa": { "a": 0, "k": 0, "ix": 5 },
              "nm": "Transform"
            }
          ],
          "nm": "Group 7",
          "np": 2,
          "cix": 2,
          "bm": 0,
          "ix": 7,
          "mn": "ADBE Vector Group",
          "hd": false
        },
        {
          "ty": "gr",
          "it": [
            {
              "ind": 0,
              "ty": "sh",
              "ix": 1,
              "ks": {
                "a": 0,
                "k": {
                  "i": [
                    [1.657, 0],
                    [0, 0],
                    [0, 1.657],
                    [0, 0],
                    [-1.657, 0],
                    [0, 0],
                    [0, -1.657],
                    [0, 0]
                  ],
                  "o": [
                    [0, 0],
                    [-1.657, 0],
                    [0, 0],
                    [0, -1.657],
                    [0, 0],
                    [1.657, 0],
                    [0, 0],
                    [0, 1.657]
                  ],
                  "v": [
                    [60.995, 6.594],
                    [-60.995, 6.594],
                    [-63.995, 3.594],
                    [-63.995, -3.594],
                    [-60.995, -6.594],
                    [60.995, -6.594],
                    [63.995, -3.594],
                    [63.995, 3.594]
                  ],
                  "c": true
                },
                "ix": 2
              },
              "nm": "Path 1",
              "mn": "ADBE Vector Shape - Group",
              "hd": false
            },
            {
              "ty": "fl",
              "c": {
                "a": 0,
                "k": [0.847000002394, 0.847000002394, 0.847000002394, 1],
                "ix": 4
              },
              "o": { "a": 0, "k": 100, "ix": 5 },
              "r": 1,
              "bm": 0,
              "nm": "Fill 1",
              "mn": "ADBE Vector Graphic - Fill",
              "hd": false
            },
            {
              "ty": "tr",
              "p": { "a": 0, "k": [64.577, 207.155], "ix": 2 },
              "a": { "a": 0, "k": [0, 0], "ix": 1 },
              "s": { "a": 0, "k": [100, 100], "ix": 3 },
              "r": { "a": 0, "k": 0, "ix": 6 },
              "o": { "a": 0, "k": 100, "ix": 7 },
              "sk": { "a": 0, "k": 0, "ix": 4 },
              "sa": { "a": 0, "k": 0, "ix": 5 },
              "nm": "Transform"
            }
          ],
          "nm": "Group 8",
          "np": 2,
          "cix": 2,
          "bm": 0,
          "ix": 8,
          "mn": "ADBE Vector Group",
          "hd": false
        }
      ],
      "ip": 0,
      "op": 144,
      "st": 0,
      "bm": 0
    },
    {
      "ddd": 0,
      "ind": 19,
      "ty": 4,
      "nm": "Middle Page",
      "sr": 1,
      "ks": {
        "o": { "a": 0, "k": 100, "ix": 11 },
        "r": { "a": 0, "k": 0, "ix": 10 },
        "p": {
          "a": 1,
          "k": [
            {
              "i": { "x": 0.667, "y": 1 },
              "o": { "x": 0.377, "y": 0 },
              "t": 2,
              "s": [227.461, 246.517, 0],
              "e": [46.461, 246.517, 0],
              "to": [-30.167, 0, 0],
              "ti": [30.167, 0, 0]
            },
            { "t": 14 }
          ],
          "ix": 2,
          "x": "var $bm_rt;\nvar n, n, t, t, v, amp, freq, decay;\n$bm_rt = n = 0;\nif (numKeys > 0) {\n    $bm_rt = n = nearestKey(time).index;\n    if (key(n).time > time) {\n        n--;\n    }\n}\nif (n == 0) {\n    $bm_rt = t = 0;\n} else {\n    $bm_rt = t = $bm_sub(time, key(n).time);\n}\nif (n > 0 && t < 1) {\n    v = velocityAtTime($bm_sub(key(n).time, $bm_div(thisComp.frameDuration, 10)));\n    amp = 0.05;\n    freq = 2;\n    decay = 8;\n    $bm_rt = $bm_sum(value, $bm_div($bm_mul($bm_mul(v, amp), Math.sin($bm_mul($bm_mul($bm_mul(freq, t), 2), Math.PI))), Math.exp($bm_mul(decay, t))));\n} else {\n    $bm_rt = value;\n}"
        },
        "a": { "a": 0, "k": [91.789, 134.239, 0], "ix": 1 },
        "s": {
          "a": 1,
          "k": [
            {
              "i": { "x": [0.598, 0.598, 0.667], "y": [1, 1, 1] },
              "o": { "x": [0.392, 0.392, 0.333], "y": [0, 0, 0] },
              "t": 3,
              "s": [100, 100, 100],
              "e": [69, 69, 100]
            },
            { "t": 15 }
          ],
          "ix": 6,
          "x": "var $bm_rt;\nvar n, n, t, t, v, amp, freq, decay;\n$bm_rt = n = 0;\nif (numKeys > 0) {\n    $bm_rt = n = nearestKey(time).index;\n    if (key(n).time > time) {\n        n--;\n    }\n}\nif (n == 0) {\n    $bm_rt = t = 0;\n} else {\n    $bm_rt = t = $bm_sub(time, key(n).time);\n}\nif (n > 0 && t < 1) {\n    v = velocityAtTime($bm_sub(key(n).time, $bm_div(thisComp.frameDuration, 10)));\n    amp = 0.05;\n    freq = 2;\n    decay = 8;\n    $bm_rt = $bm_sum(value, $bm_div($bm_mul($bm_mul(v, amp), Math.sin($bm_mul($bm_mul($bm_mul(freq, t), 2), Math.PI))), Math.exp($bm_mul(decay, t))));\n} else {\n    $bm_rt = value;\n}"
        }
      },
      "ao": 0,
      "shapes": [
        {
          "ty": "gr",
          "it": [
            {
              "ind": 0,
              "ty": "sh",
              "ix": 1,
              "ks": {
                "a": 0,
                "k": {
                  "i": [
                    [7.048, 0],
                    [0, 0],
                    [0, 7.048],
                    [0, 0],
                    [-7.047, 0],
                    [0, 0],
                    [0, -7.048],
                    [0, 0]
                  ],
                  "o": [
                    [0, 0],
                    [-7.047, 0],
                    [0, 0],
                    [0, -7.048],
                    [0, 0],
                    [7.048, 0],
                    [0, 0],
                    [0, 7.048]
                  ],
                  "v": [
                    [78.779, 133.989],
                    [-78.779, 133.989],
                    [-91.539, 121.227],
                    [-91.539, -121.228],
                    [-78.779, -133.989],
                    [78.779, -133.989],
                    [91.539, -121.228],
                    [91.539, 121.227]
                  ],
                  "c": true
                },
                "ix": 2
              },
              "nm": "Path 1",
              "mn": "ADBE Vector Shape - Group",
              "hd": false
            },
            {
              "ty": "fl",
              "c": {
                "a": 1,
                "k": [
                  {
                    "i": { "x": [0.667], "y": [1] },
                    "o": { "x": [0.333], "y": [0] },
                    "t": 2,
                    "s": [1, 1, 1, 1],
                    "e": [0.917647063732, 0.917647063732, 0.917647063732, 1]
                  },
                  { "t": 14 }
                ],
                "ix": 4
              },
              "o": { "a": 0, "k": 100, "ix": 5 },
              "r": 1,
              "bm": 0,
              "nm": "Fill 2",
              "mn": "ADBE Vector Graphic - Fill",
              "hd": false
            },
            {
              "ty": "tr",
              "p": { "a": 0, "k": [115.102, 134.239], "ix": 2 },
              "a": { "a": 0, "k": [0, 0], "ix": 1 },
              "s": { "a": 0, "k": [100, 100], "ix": 3 },
              "r": { "a": 0, "k": 0, "ix": 6 },
              "o": { "a": 0, "k": 100, "ix": 7 },
              "sk": { "a": 0, "k": 0, "ix": 4 },
              "sa": { "a": 0, "k": 0, "ix": 5 },
              "nm": "Transform"
            }
          ],
          "nm": "Group 1",
          "np": 2,
          "cix": 2,
          "bm": 0,
          "ix": 1,
          "mn": "ADBE Vector Group",
          "hd": false
        }
      ],
      "ip": 0,
      "op": 144,
      "st": 0,
      "bm": 0
    },
    {
      "ddd": 0,
      "ind": 20,
      "ty": 4,
      "nm": "Circle",
      "sr": 1,
      "ks": {
        "o": { "a": 0, "k": 100, "ix": 11 },
        "r": { "a": 0, "k": 0, "ix": 10 },
        "p": { "a": 0, "k": [246.09, 247.079, 0], "ix": 2 },
        "a": { "a": 0, "k": [168.508, 168.508, 0], "ix": 1 },
        "s": { "a": 0, "k": [115.452, 115.452, 100], "ix": 6 }
      },
      "ao": 0,
      "shapes": [
        {
          "ty": "gr",
          "it": [
            {
              "ind": 0,
              "ty": "sh",
              "ix": 1,
              "ks": {
                "a": 0,
                "k": {
                  "i": [
                    [0, -92.927],
                    [92.927, 0],
                    [0, 92.926],
                    [-92.927, 0]
                  ],
                  "o": [
                    [0, 92.926],
                    [-92.927, 0],
                    [0, -92.927],
                    [92.927, 0]
                  ],
                  "v": [
                    [168.258, 0],
                    [-0.001, 168.258],
                    [-168.258, 0],
                    [-0.001, -168.258]
                  ],
                  "c": true
                },
                "ix": 2
              },
              "nm": "Path 1",
              "mn": "ADBE Vector Shape - Group",
              "hd": false
            },
            {
              "ty": "fl",
              "c": {
                "a": 0,
                "k": [0.23921568627450981, 0.3254901960784314, 1, 1],
                "ix": 4
              },
              "o": { "a": 0, "k": 100, "ix": 5 },
              "r": 1,
              "bm": 0,
              "nm": "Fill 1",
              "mn": "ADBE Vector Graphic - Fill",
              "hd": false
            },
            {
              "ty": "tr",
              "p": { "a": 0, "k": [168.508, 168.508], "ix": 2 },
              "a": { "a": 0, "k": [0, 0], "ix": 1 },
              "s": { "a": 0, "k": [100, 100], "ix": 3 },
              "r": { "a": 0, "k": 0, "ix": 6 },
              "o": { "a": 0, "k": 100, "ix": 7 },
              "sk": { "a": 0, "k": 0, "ix": 4 },
              "sa": { "a": 0, "k": 0, "ix": 5 },
              "nm": "Transform"
            }
          ],
          "nm": "Group 1",
          "np": 2,
          "cix": 2,
          "bm": 0,
          "ix": 1,
          "mn": "ADBE Vector Group",
          "hd": false
        }
      ],
      "ip": 0,
      "op": 144,
      "st": 0,
      "bm": 0
    }
  ],
  "markers": []
}
